<?xml version="1.0" encoding="UTF-8"?>
<!DOCTYPE suite SYSTEM "https://testng.org/testng-1.0.dtd">
<suite name="Suite" verbose="5">
  <test thread-count="5" name="English">
	<parameter name="lang" value="english"></parameter>
    <classes>
      <class name="testcases.TC_002_CreateLead"/>
      <class name="testcases.TC_001_Login"/>
    </classes>
  </test> <!-- Test -->
  <test thread-count="5" name="French">
	<parameter name="lang" value="french"></parameter>
    <classes>
      <class name="testcases.TC_002_CreateLead"/>
      <class name="testcases.TC_001_Login"/>
    </classes>
  </test>
</suite> <!-- Suite -->
